wikidata_qid,catalog_slug,name,lat,lng,city,state,country_code,tenants,leagues
Q337396,national_parks,Acadia National Park,44.35,-68.216666666,,Maine,US,,
Q223969,national_parks,Arches National Park,38.728055555,-109.54,,Utah,US,,
Q306216,national_parks,Badlands National Park,43.75,-102.5,,South Dakota,US,,
Q1427197,national_parks,Big Bend National Park,29.25,-103.25,,Texas,US,,
Q866080,national_parks,Biscayne National Park,25.50185493,-80.18096924,,Florida,US,,
Q305880,national_parks,Black Canyon of the Gunnison National Park,38.58,-107.7275,,Colorado,US,,
Q219562,national_parks,Bryce Canyon National Park,37.64,-112.17,,Utah,US,,
Q541856,national_parks,Canyonlands National Park,38.1669,-109.76,,Utah,US,,
Q129902,national_parks,Capitol Reef National Park,38.2,-111.167,,Utah,US,,
Q273195,national_parks,Carlsbad Caverns National Park,32.175277777,-104.443888888,,New Mexico,US,,
Q306193,national_parks,Channel Islands National Park,33.66,-119.64,,California,US,,
Q175688,national_parks,Congaree National Park,33.783333333,-80.783333333,,South Carolina,US,,
Q239304,national_parks,Crater Lake National Park,42.911944444,-122.148055555,,Oregon,US,,
Q152820,national_parks,Cuyahoga Valley National Park,41.241666666,-81.549722222,,Ohio,US,,
Q242111,national_parks,Death Valley National Park,36.45,-116.85,,California|Nevada,US,,
Q217136,national_parks,Denali National Park and Preserve,63.2,-150.3,,Alaska,US,,
Q1143655,national_parks,Dry Tortugas National Park,24.628611111,-82.873333333,,Florida,US,,
Q274131,national_parks,Everglades National Park,25.3125,-80.6875,,Florida,US,,
Q605657,national_parks,Gates of the Arctic National Park and Preserve,67.7833,-153.3,,Alaska,US,,
Q45234,national_parks,Gateway Arch National Park,38.6246,-90.185,,Missouri,US,,
Q261577,national_parks,Glacier Bay National Park and Preserve,58.7,-137,,Alaska,US,,
Q373567,national_parks,Glacier National Park,48.755,-113.8,,Montana,US,,
Q220289,national_parks,Grand Canyon National Park,36.0553,-112.122,,Arizona,US,,
Q222695,national_parks,Grand Teton National Park,43.833333333,-110.700833333,,Wyoming,US,,
Q1137657,national_parks,Great Basin National Park,39.0058,-114.2197,,Nevada,US,,
Q609097,national_parks,Great Sand Dunes National Park and Preserve,37.732777777,-105.512222222,,Colorado,US,,
Q464004,national_parks,Great Smoky Mountains National Park,35.611111111,-83.425,,North Carolina|Tennessee,US,,
Q370501,national_parks,Guadalupe Mountains National Park,31.916666666,-104.866666666,,Texas,US,,
Q1137640,national_parks,Haleakalā National Park,20.7204,-156.15515,,Hawaii,US,,
Q205952,national_parks,Hawaiʻi Volcanoes National Park,19.40083,-155.12361,,Hawaii,US,,
Q1143416,national_parks,Hot Springs National Park,34.513611111,-93.053611111,,Arkansas,US,,
Q6023179,national_parks,Indiana Dunes National Park,41.648055555,-87.108055555,,Indiana,US,,
Q163515,national_parks,Isle Royale National Park,47.9958654,-88.9092899,,Michigan,US,,
Q735202,national_parks,Joshua Tree National Park,33.87343,-115.90099,,California,US,,
Q609902,national_parks,Katmai National Park and Preserve,58.5,-155,,Alaska,US,,
Q841503,national_parks,Kenai Fjords National Park,59.917777777,-149.9875,,Alaska,US,,
Q936623,national_parks,Kings Canyon National Park,36.789280555,-118.672861111,,California,US,,
Q836264,national_parks,Kobuk Valley National Park,67.55,-159.283333333,,Alaska,US,,
Q712296,national_parks,Lake Clark National Park and Preserve,60.966666666,-153.416666666,,Alaska,US,,
Q1163542,national_parks,Lassen Volcanic National Park,40.498055555,-121.4275,,California,US,,
Q242681,national_parks,Mammoth Cave National Park,37.186944444,-86.101111111,,Kentucky,US,,
Q237128,national_parks,Mesa Verde National Park,37.260375,-108.494444,,Colorado,US,,
Q944329,national_parks,Mount Rainier National Park,46.85,-121.75,,Washington,US,,
Q843075,national_parks,National Park of American Samoa,-14.25833333,-170.68333333,,American Samoa,US,,
Q7011245,national_parks,New River Gorge National Park and Preserve,37.9608,-81.0817,,West Virginia,US,,
Q1163799,national_parks,North Cascades National Park,48.483055555,-120.911388888,,Washington,US,,
Q372093,national_parks,Olympic National Park,47.7,-123.75,,Washington,US,,
Q305949,national_parks,Petrified Forest National Park,35.0881,-109.806,,Arizona,US,,
Q1783768,national_parks,Pinnacles National Park,36.4869,-121.167,,California,US,,
Q63863168,national_parks,Redwood National and State Parks,41.373888888,-123.998055555,,California,US,,
Q777183,national_parks,Rocky Mountain National Park,40.35,-105.6833,,Colorado,US,,
Q676206,national_parks,Saguaro National Park,32.202166666,-110.610944444,,Arizona,US,,
Q152660,national_parks,Sequoia National Park,36.564722222,-118.772777777,,California,US,,
Q1137401,national_parks,Shenandoah National Park,38.5333,-78.35,,Virginia,US,,
Q1137669,national_parks,Theodore Roosevelt National Park,46.966666666,-103.45,,North Dakota,US,,
Q491005,national_parks,Virgin Islands National Park,18.328055555,-64.933333333,,United States Virgin Islands,US,,
Q1368788,national_parks,Voyageurs National Park,48.5,-92.883333333,,Minnesota,US,,
Q1200164,national_parks,White Sands National Park,32.779722,-106.171667,,New Mexico,US,,
Q1334313,national_parks,Wind Cave National Park,43.55635,-103.47865,,South Dakota,US,,
Q748597,national_parks,Wrangell–St. Elias National Park and Preserve,61.435,-142.953611111,,Alaska,US,,
Q351,national_parks,Yellowstone National Park,44.6,-110.5,,Wyoming|Montana|Idaho,US,,
Q180402,national_parks,Yosemite National Park,37.7425,-119.5375,,California,US,,
Q205325,national_parks,Zion National Park,37.202619444,-112.98785,,Utah,US,,
